ID Topik,Nama Topik,Jumlah Dokumen,Kata Kunci Utama,Skor c-TF-IDF,Contoh Advisory
0,0_rockwell_automation_cisa_rockwell automation,249,"rockwell, automation, cisa, rockwell automation, ics, vulnerability, control, practices","0.017, 0.015, 0.015, 0.015, 0.013, 0.011, 0.011, 0.010",ICSA-12-150-01; ICSA-13-011-03; ICSA-13-053-02A
1,1_files_later version_parsing_open untrusted,124,"files, later version, parsing, open untrusted, context current, later, current process, open","0.030, 0.024, 0.021, 0.021, 0.021, 0.021, 0.021, 0.020",ICSA-12-145-02; ICSA-15-111-02; ICSA-15-120-01
2,2_hitachi_hitachi energy_energy_process control,106,"hitachi, hitachi energy, energy, process control, process, control, direct, cmu","0.034, 0.032, 0.030, 0.026, 0.019, 0.016, 0.015, 0.014",ICSA-16-152-02; ICSA-19-178-01; ICSA-19-330-02
3,3_affected_siemens_access_attacker,88,"affected, siemens, access, attacker, later version, devices, web, update","0.016, 0.014, 0.013, 0.013, 0.012, 0.012, 0.012, 0.012",ICSA-10-147-01; ICSA-16-308-02B; ICSA-17-243-02
4,4_siemens_devices_cisa_security,82,"siemens, devices, cisa, security, defense, control, ics, organizations","0.017, 0.016, 0.015, 0.013, 0.012, 0.011, 0.011, 0.011",ICSA-12-305-01; ICSA-16-334-02; ICSA-18-025-02B
5,5_cisa_avoiding_email_social,75,"cisa, avoiding, email, social, social engineering, attacks, ics, engineering","0.018, 0.015, 0.015, 0.015, 0.015, 0.015, 0.014, 0.014",ICSA-16-320-01; ICSA-19-029-02; ICSA-23-213-01
6,6_android_siemens_security_industrial security,69,"android, siemens, security, industrial security, environment, industrial, recommends, needed","0.035, 0.035, 0.022, 0.017, 0.016, 0.013, 0.013, 0.013",ICSA-16-140-02; ICSA-17-187-03F; ICSA-18-067-01
7,7_ics cert_cert_nccic_cvss,63,"ics cert, cert, nccic, cvss, 2017, assigned, ics, cert web","0.027, 0.023, 0.019, 0.016, 0.015, 0.014, 0.014, 0.012",ICSA-17-026-02A; ICSA-17-045-02; ICSA-17-047-02
8,8_ics cert_cert_nccic_ics,59,"ics cert, cert, nccic, ics, recommended practices, csaf, cert web, available","0.026, 0.025, 0.019, 0.015, 0.013, 0.012, 0.012, 0.012",ICSA-17-010-01A; ICSA-17-019-01A; ICSA-17-024-01
9,9_wincc_siemens_tia portal_tia,59,"wincc, siemens, tia portal, tia, cisa, portal, wincc flexible, flexible","0.028, 0.021, 0.019, 0.019, 0.015, 0.015, 0.013, 0.013",ICSA-11-244-01; ICSA-11-279-03A; ICSA-11-356-01
10,10_cisa_avoiding_email_social,58,"cisa, avoiding, email, social, social engineering, engineering, attacks, scams","0.021, 0.017, 0.017, 0.017, 0.017, 0.016, 0.016, 0.013",ICSA-12-025-02A; ICSA-12-102-01; ICSA-12-102-02
11,11_siemens_devices_cisa_security,57,"siemens, devices, cisa, security, control, ics, remote, defense","0.017, 0.015, 0.014, 0.011, 0.010, 0.010, 0.010, 0.010",ICSA-13-169-01; ICSA-15-349-01; ICSA-16-252-01
12,12_cvss_assigned_base score_v3 base,49,"cvss, assigned, base score, v3 base, pr ui, ac pr, cvss vector, pr","0.033, 0.027, 0.022, 0.022, 0.022, 0.022, 0.022, 0.022",ICSA-17-012-01; ICSA-17-033-01; ICSA-17-180-02
13,13_siemens_update_later version_version update,46,"siemens, update, later version, version update, later, devices, version, cisa","0.022, 0.020, 0.018, 0.017, 0.015, 0.015, 0.014, 0.012",ICSA-12-013-01; ICSA-16-040-02; ICSA-16-287-02
14,14_cisa_ics_gov ics_control,44,"cisa, ics, gov ics, control, exploitation, networks, systems, defense","0.020, 0.018, 0.015, 0.014, 0.014, 0.013, 0.013, 0.012",ICSA-23-215-02; ICSA-23-248-01; ICSA-23-262-03
15,15_melsec_iq_melsec iq_later melsec,44,"melsec, iq, melsec iq, later melsec, series, iq series, mitsubishi, mitsubishi electric","0.065, 0.047, 0.045, 0.038, 0.035, 0.028, 0.027, 0.027",ICSA-16-336-03; ICSA-20-245-01; ICSA-20-282-02
16,16_schneider_schneider electric_electric_ecostruxure,42,"schneider, schneider electric, electric, ecostruxure, network, pme, ecostruxure power, cybersecurity","0.024, 0.022, 0.019, 0.016, 0.014, 0.013, 0.013, 0.013",ICSA-23-108-02; ICSA-24-289-02; ICSA-24-326-05
17,17_codesys_control_use_network,41,"codesys, control, use, network, devices, access, automation, software","0.015, 0.014, 0.013, 0.011, 0.011, 0.010, 0.010, 0.010",ICSA-18-032-01; ICSA-18-032-02; ICSA-18-305-02
18,18_ccs_server_cve_siemens,39,"ccs, server, cve, siemens, tcp, cvss, access, port","0.029, 0.016, 0.013, 0.012, 0.011, 0.011, 0.010, 0.010",ICSA-17-059-01; ICSA-17-087-01; ICSA-17-152-02
19,19_later_gt_mitsubishi_mitsubishi electric,37,"later, gt, mitsubishi, mitsubishi electric, designer3, gt designer3, gx, melsoft","0.033, 0.030, 0.029, 0.028, 0.024, 0.024, 0.022, 0.021",ICSA-19-141-02; ICSA-19-311-01; ICSA-20-091-02
20,20_cisa_email_avoiding_social engineering,35,"cisa, email, avoiding, social engineering, social, engineering, attacks, control","0.020, 0.016, 0.016, 0.016, 0.016, 0.015, 0.015, 0.012",ICSA-11-353-01; ICSA-11-355-01; ICSA-11-355-02
21,21_cvss_advisories_assigned_string av,33,"cvss, advisories, assigned, string av, v3 base, base score, av ac, av","0.026, 0.019, 0.017, 0.017, 0.017, 0.017, 0.017, 0.017",ICSA-18-277-01; ICSA-19-036-03; ICSA-19-204-01
22,22_ics cert_cert_nccic_ics,33,"ics cert, cert, nccic, ics, cert web, recommended practices, csaf, recommended","0.042, 0.037, 0.027, 0.021, 0.019, 0.017, 0.015, 0.014",ICSA-17-012-02; ICSA-17-031-02; ICSA-17-075-01
23,23_later version_v3 later_trusted sources_update v3,32,"later version, v3 later, trusted sources, update v3, applications, run, sources, build","0.030, 0.028, 0.028, 0.027, 0.027, 0.026, 0.026, 0.025",ICSA-22-069-09; ICSA-22-258-05; ICSA-22-349-21
24,24_delta_delta electronics_electronics_cncsoft,31,"delta, delta electronics, electronics, cncsoft, cisa, diaenergie, ics, information","0.068, 0.047, 0.046, 0.017, 0.016, 0.015, 0.014, 0.011",ICSA-23-157-01; ICSA-23-180-01; ICSA-23-264-03
25,25_cisa_gov_recommended practices_exploitation vulnerability,30,"cisa, gov, recommended practices, exploitation vulnerability, csaf, vulnerability, recommended, practices","0.020, 0.016, 0.016, 0.014, 0.014, 0.014, 0.014, 0.013",ICSA-19-239-02; ICSA-19-339-01; ICSA-19-353-02
26,26_cisa_avoiding_email_social,30,"cisa, avoiding, email, social, social engineering, engineering, ics, attacks","0.017, 0.015, 0.015, 0.015, 0.015, 0.014, 0.014, 0.014",ICSA-11-279-02; ICSA-11-307-01; ICSA-23-024-02
27,27_patient_medtronic_philips_healthcare,30,"patient, medtronic, philips, healthcare, ge, ix, ge healthcare, updates","0.038, 0.034, 0.023, 0.020, 0.019, 0.017, 0.014, 0.014",ICSMA-16-279-01; ICSMA-17-241-01; ICSMA-17-255-01
28,28_update_update license_software download_manager software,29,"update, update license, software download, manager software, download update, license manager, license, version update","0.037, 0.034, 0.033, 0.033, 0.033, 0.033, 0.031, 0.026",ICSA-17-045-03; ICSA-18-018-01A; ICSA-18-088-03
29,29_johnson_johnson controls_cisa_controls,29,"johnson, johnson controls, cisa, controls, product security, controls product, jci, gov","0.026, 0.026, 0.021, 0.018, 0.018, 0.017, 0.016, 0.015",ICSA-19-199-01; ICSA-20-070-04; ICSA-20-170-01
30,30_mendix_siemens_redeploy_version redeploy,27,"mendix, siemens, redeploy, version redeploy, update mendix, devices, cisa, application update","0.040, 0.022, 0.019, 0.018, 0.016, 0.014, 0.014, 0.013",ICSA-21-110-07; ICSA-21-131-05; ICSA-21-131-09
32,32_siemens_devices_cisa_products,24,"siemens, devices, cisa, products, security, recommends, update, industrial","0.021, 0.014, 0.013, 0.013, 0.012, 0.012, 0.010, 0.010",ICSA-21-040-05; ICSA-21-194-05; ICSA-21-194-06
31,31_dnp3_driver_cisa_dnp,24,"dnp3, driver, cisa, dnp, avoiding, email, engineering, social engineering","0.039, 0.019, 0.018, 0.017, 0.015, 0.015, 0.015, 0.015",ICSA-13-161-01; ICSA-13-213-03; ICSA-13-213-04A
33,33_cisa_exploitation vulnerability_gov_ics,23,"cisa, exploitation vulnerability, gov, ics, vulnerability, csaf, practices, recommended practices","0.018, 0.013, 0.013, 0.012, 0.012, 0.012, 0.011, 0.011",ICSA-19-260-03; ICSA-19-281-01; ICSA-20-161-02
35,35_cisa_email_avoiding_social engineering,20,"cisa, email, avoiding, social engineering, social, engineering, attacks, control","0.019, 0.016, 0.016, 0.015, 0.015, 0.015, 0.014, 0.012",ICSA-11-018-02; ICSA-11-094-01; ICSA-11-167-01
34,34_cert_miele_professional_ics,20,"cert, miele, professional, ics, cisa, ics cert, csaf, recommended practices","0.020, 0.019, 0.017, 0.017, 0.016, 0.015, 0.015, 0.014",ICSA-17-061-01; ICSA-17-136-01; ICSA-17-138-01
36,36_cisa_social engineering_social_avoiding,19,"cisa, social engineering, social, avoiding, engineering, email, attacks, web","0.019, 0.015, 0.015, 0.015, 0.014, 0.014, 0.014, 0.013",ICSA-11-243-02; ICSA-11-314-01; ICSA-12-024-01
37,37_cert_ics cert_nccic_ics,19,"cert, ics cert, nccic, ics, recommended practices, csaf, recommended, practices","0.029, 0.029, 0.026, 0.018, 0.017, 0.015, 0.015, 0.014",ICSA-17-054-01; ICSA-17-192-02; ICSA-17-285-02
38,38_modicon_m580_expert_ecostruxure,17,"modicon, m580, expert, ecostruxure, modicon m580, control expert, ecostruxure control, firmware","0.065, 0.034, 0.034, 0.033, 0.027, 0.025, 0.025, 0.024",ICSA-20-016-01; ICSA-20-343-04; ICSA-23-227-01
39,39_cvss_assigned_cisa_latitude,16,"cvss, assigned, cisa, latitude, boston, boston scientific, avoiding, vulnerability cvss","0.018, 0.014, 0.013, 0.013, 0.013, 0.013, 0.013, 0.012",ICSA-20-056-05; ICSA-20-266-02; ICSA-21-005-04
40,40_proficy_ge_cisa_cimplicity,16,"proficy, ge, cisa, cimplicity, mds, avoiding, social engineering, social","0.027, 0.026, 0.018, 0.017, 0.016, 0.015, 0.014, 0.014",ICSA-11-243-01; ICSA-12-032-02; ICSA-12-032-03
41,41_ics cert_cert_ics_nccic,15,"ics cert, cert, ics, nccic, cert web, recommended practices, csaf, recommended","0.045, 0.041, 0.022, 0.020, 0.018, 0.016, 0.015, 0.013",ICSA-17-061-02; ICSA-17-122-03; ICSA-17-136-03
45,45_webaccess_advantech_broadwin_advantech webaccess,14,"webaccess, advantech, broadwin, advantech webaccess, webaccess allows, new version, advantech recommends, advantech created","0.096, 0.083, 0.060, 0.034, 0.028, 0.026, 0.025, 0.023",ICSA-10-337-01; ICSA-11-094-02B; ICSA-11-340-01
46,46_certificate_ca_siemens_tls,14,"certificate, ca, siemens, tls, curl, version update, ca certificates, later version","0.019, 0.017, 0.017, 0.017, 0.016, 0.016, 0.015, 0.015",ICSA-15-344-01B; ICSA-19-099-04; ICSA-21-068-10
47,47_dns_2021_cve 2021_dhcp,14,"dns, 2021, cve 2021, dhcp, later version, dhcp client, version update, later","0.040, 0.033, 0.031, 0.025, 0.024, 0.023, 0.022, 0.020",ICSA-17-332-01; ICSA-19-318-01; ICSA-20-042-04
44,44_aruba_cve 2023_2023_untrusted users,14,"aruba, cve 2023, 2023, untrusted users, interface, block access, command, update v8","0.041, 0.038, 0.035, 0.033, 0.032, 0.028, 0.025, 0.025",ICSA-21-131-14; ICSA-21-287-07; ICSA-21-315-06
42,42_cellular_schneider electric_schneider_network,14,"cellular, schneider electric, schneider, network, backups, electric, use, safety","0.021, 0.021, 0.021, 0.021, 0.019, 0.018, 0.018, 0.017",ICSA-18-347-01; ICSA-19-008-02; ICSA-19-031-01
43,43_invensys_wonderware_wonderware information_information server,14,"invensys, wonderware, wonderware information, information server, wis, invensys wonderware, information, security update","0.061, 0.044, 0.033, 0.032, 0.026, 0.026, 0.015, 0.015",ICSA-10-348-01A; ICSA-11-195-01; ICSA-11-294-01
51,51_sinapsi_firmware_cisa_eaton,13,"sinapsi, firmware, cisa, eaton, avoiding, social, social engineering, email","0.029, 0.020, 0.019, 0.018, 0.016, 0.015, 0.015, 0.015",ICSA-12-249-01; ICSA-12-263-02; ICSA-12-297-01
52,52_cx_omron_version cx_omron released,13,"cx, omron, version cx, omron released, supervisor, address reported, reported vulnerabilities, project","0.082, 0.038, 0.038, 0.037, 0.037, 0.028, 0.023, 0.021",ICSA-17-103-01; ICSA-18-072-01; ICSA-18-100-02
53,53_dtm_hart_cisa_avoiding,13,"dtm, hart, cisa, avoiding, device type, social, social engineering, email","0.057, 0.037, 0.020, 0.017, 0.016, 0.016, 0.016, 0.016",ICSA-15-008-01A; ICSA-15-012-01; ICSA-15-012-01A
50,50_edr_edr 810_810_moxa,13,"edr, edr 810, 810, moxa, emerson, loytec, firmware, secure router","0.046, 0.043, 0.043, 0.039, 0.028, 0.026, 0.025, 0.024",ICSA-13-042-01; ICSA-13-259-01A; ICSA-13-259-01B
49,49_bd_alaris_bd alaris_bd recommends,13,"bd, alaris, bd alaris, bd recommends, pcu, cve 2023, credentials, 2023","0.138, 0.078, 0.060, 0.028, 0.026, 0.022, 0.021, 0.020",ICSMA-17-017-01; ICSMA-17-017-02; ICSMA-17-082-01
48,48_philips_windows_service support_philips contact,13,"philips, windows, service support, philips contact, incenter, isp, mitigating controls, mitigating","0.113, 0.052, 0.042, 0.038, 0.035, 0.035, 0.032, 0.029",ICSMA-18-058-02; ICSMA-18-086-01; ICSMA-18-123-01
54,54_project files_project_cvss_files,12,"project files, project, cvss, files, worx, assigned, cisa, dopsoft","0.019, 0.019, 0.019, 0.016, 0.015, 0.014, 0.014, 0.014",ICSA-19-171-01; ICSA-19-225-01; ICSA-19-302-01
55,55_climatix_siemens_web_site scripting,12,"climatix, siemens, web, site scripting, scripting, javascript, cross site, cross","0.016, 0.016, 0.016, 0.015, 0.015, 0.015, 0.014, 0.014",ICSA-18-163-02; ICSA-18-317-04; ICSA-20-105-04
56,56_plc_cve 2022_2022_cve,12,"plc, cve 2022, 2022, cve, password, assigned, cvss, users","0.046, 0.026, 0.025, 0.019, 0.018, 0.017, 0.017, 0.012",ICSA-17-101-01; ICSA-18-240-01; ICSA-20-315-03
57,57_ics cert_cert_dll_ics,11,"ics cert, cert, dll, ics, search path, cert web, nccic, search","0.051, 0.044, 0.030, 0.025, 0.023, 0.021, 0.020, 0.020",ICSA-17-038-01; ICSA-17-045-01; ICSA-17-094-01
58,58_rslogix_cisa_avoiding_social,11,"rslogix, cisa, avoiding, social, social engineering, engineering, attacks, email","0.018, 0.018, 0.014, 0.014, 0.014, 0.014, 0.014, 0.014",ICSA-11-122-01; ICSA-11-264-01; ICSA-12-088-01A
59,59_tracer_microsmart_40 later_tracer sc,10,"tracer, microsmart, 40 later, tracer sc, cpu module, sc, cvss, 40","0.021, 0.019, 0.017, 0.017, 0.016, 0.015, 0.015, 0.014",ICSA-20-084-02; ICSA-20-133-01; ICSA-20-184-02
60,60_nport_moxa_series_versions prior,10,"nport, moxa, series, versions prior, series version, series versions, 5600, m12","0.121, 0.076, 0.065, 0.046, 0.045, 0.044, 0.029, 0.027",ICSA-16-336-02A; ICSA-17-143-01; ICSA-19-024-02
61,61_wi fi_wi_fi_fi access,10,"wi fi, wi, fi, fi access, frames, wpa, wpa2, wpa wpa2","0.072, 0.072, 0.072, 0.043, 0.032, 0.031, 0.031, 0.030",ICSA-17-299-02; ICSA-17-318-01; ICSA-17-318-02A
